3,148,rphelip0@hao123.com,,,279-368-0460,
3,434,,,719-510-4271,171-597-4692,2
3,181,,,,331-674-6482,1
3,143,ifilyushkin3@cargocollective.com,938-811-8128,,799-493-7076,1
3,253,,,878-192-7394,483-941-8175,1
3,93,cmedhurst5@blog.com,,,566-148-3025,5
3,459,,,657-981-6221,574-395-6090,4
3,34,ccunah7@fema.gov,,619-238-8282,460-423-9619,4
3,100,,,,501-696-0002,
3,407,ereinbech9@newsvine.com,,,700-837-3732,
3,71,,,,137-864-1396,
3,360,,,927-544-3195,803-674-5080,
3,325,toehmec@ed.gov,867-606-2884,,,
3,414,sdumbartond@artisteer.com,,,,
3,187,cgethingse@vimeo.com,,638-761-2548,854-921-6800,3
3,266,,,180-301-7070,767-656-0726,5
3,163,ibenitezg@friendfeed.com,,664-762-4972,370-579-5803,2
3,41,,952-320-2974,808-439-5704,813-206-3095,5
3,229,,,,531-606-0159,
3,397,,,,246-258-2510,4
3,406,dmackellerk@ocn.ne.jp,,266-767-6588,354-187-4317,4
3,38,aquibelll@jalbum.net,,,918-596-7554,2
3,138,,,850-335-3337,673-346-5682,
3,33,,232-669-0989,113-514-7550,545-890-3651,5
3,424,,,,486-650-6027,
3,425,sskoatep@1688.com,426-254-4124,137-599-4897,485-611-5494,3
3,48,,,507-385-1894,211-973-1012,
3,268,,,578-490-3005,781-846-9135,
3,363,mhessers@ibm.com,,,745-174-6984,4
3,423,lfullagart@state.gov,561-625-9154,,,
3,365,,,,947-896-8582,2
3,71,gstovingv@hatena.ne.jp,,270-354-1634,731-184-5137,
3,29,,,506-254-6987,172-649-0763,1
3,96,gchippendalex@mozilla.com,,103-652-1888,389-446-7523,
3,40,,,768-144-0839,,3
3,285,,,552-382-9064,998-817-8425,
3,127,cauld10@cbslocal.com,818-882-4123,,,
3,458,cleverentz11@reuters.com,532-709-7715,468-595-1246,164-877-8839,
3,421,bnashe12@disqus.com,,467-914-4318,,3
3,31,bporteous13@themeforest.net,,942-916-2239,506-459-4940,
3,56,rlinturn14@people.com.cn,,755-966-5055,,
3,308,atooher15@technorati.com,,,,1
3,471,ikeneforde16@shareasale.com,,,,5
3,8,,,983-421-9992,744-161-8676,1
3,168,jgreggersen18@taobao.com,,,,4
3,282,rkerrich19@bloglines.com,,,881-929-8219,
3,142,challgough1a@hubpages.com,,662-212-8371,652-121-5356,
3,40,,,166-533-7946,923-771-2643,
3,27,fpinchbeck1c@stumbleupon.com,174-921-1729,100-354-7077,300-844-6335,
3,277,skirton1d@issuu.com,,701-846-6176,,
3,30,,232-908-0771,,153-576-4420,4
3,455,,,167-794-6640,686-843-5732,4
3,112,,,483-243-6500,974-882-3664,2
3,55,,,,847-192-8617,
3,213,eterrey1i@usda.gov,,,561-598-8647,3
3,335,lglowinski1j@jiathis.com,,,391-997-2034,5
3,49,ntrenchard1k@guardian.co.uk,558-437-8311,347-250-6493,,
3,183,mexcell1l@sciencedirect.com,,,689-241-9617,3
3,487,lkalisz1m@ycombinator.com,,607-204-8492,,4
3,432,lvossgen1n@feedburner.com,,,435-677-8741,3
3,111,khopfner1o@so-net.ne.jp,,,,1
3,341,,,423-228-4856,941-913-4219,
3,373,,488-762-7454,,802-788-3292,2
3,318,creichelt1r@loc.gov,,,773-821-5111,
3,226,rtomlett1s@uiuc.edu,,395-804-6662,,2
3,29,bemmatt1t@drupal.org,,,895-503-2237,2
3,5,aulster1u@huffingtonpost.com,,,562-337-4303,4
3,179,dovendale1v@tinypic.com,335-929-9982,609-863-5656,440-704-4570,1
3,182,privitt1w@sphinn.com,,485-908-8776,451-775-1599,5
3,69,tbough1x@ebay.com,,914-243-6663,701-285-9507,
3,403,,,682-787-9372,519-370-8360,
3,119,pattree1z@technorati.com,,,256-534-0868,5
3,242,rkares20@usa.gov,,,765-995-8595,5
3,9,ascriven21@mit.edu,,336-881-0541,,5
3,118,,,425-583-1042,217-789-8607,
3,278,,,,237-426-2554,
3,360,mdewis24@adobe.com,,784-923-1135,544-839-3499,5
3,492,kculleton25@theglobeandmail.com,,,323-873-1781,
3,448,,,951-935-3159,257-567-1400,
3,361,,163-688-9232,,296-849-1264,5
3,129,rdrepp28@vimeo.com,,607-505-4811,,3
3,280,,,207-705-1826,669-603-0349,3
3,56,kdri2a@unicef.org,,,,1
3,247,kwilsher2b@ovh.net,,135-674-1687,112-947-6929,4
3,37,malyokhin2c@usatoday.com,,845-546-1603,590-960-2871,5
3,432,blowres2d@jugem.jp,,997-847-5487,,3
3,473,,,770-880-9706,930-239-4745,1
3,309,cgayden2f@economist.com,,,192-865-6629,
3,58,,,,787-140-3737,1
3,80,eshoulder2h@abc.net.au,,692-664-1473,,
3,198,,,239-707-0325,742-927-7672,4
3,259,,,377-126-0184,653-902-0829,4
3,390,kchurchlow2k@flavors.me,,721-971-2134,806-131-1238,
3,38,madame2l@bigcartel.com,,,417-969-4262,5
3,34,ccrollman2m@go.com,156-658-7367,,,
3,356,,,,690-127-3483,3
3,235,akearford2o@businessweek.com,,289-852-5409,103-602-5235,5
3,326,peborall2p@livejournal.com,,594-437-5748,682-619-3814,3
3,333,mheppenspall2q@mlb.com,,188-782-4212,704-272-8235,3
3,81,ajeandin2r@unc.edu,,,924-690-6105,5
3,196,uborrill2s@businesswire.com,,,973-657-0163,
3,106,bameerbeg2t@yahoo.co.jp,,158-521-1869,767-285-1110,1
3,72,vshepcutt2u@pbs.org,955-194-0898,,937-414-8937,
3,60,zgerty2v@cloudflare.com,,,247-216-5397,3
3,190,,185-105-5310,208-653-6862,,
3,339,,767-576-5103,292-671-0157,125-258-7627,1
3,415,joliva2y@xinhuanet.com,,306-371-5389,941-715-4208,
3,248,ccastangia2z@com.com,397-493-7158,769-751-3521,537-791-7189,
3,103,glarrington30@skyrock.com,719-357-2602,,543-802-5928,5
3,309,,,709-345-1376,612-938-7524,1
3,67,,856-728-3586,,,2
3,376,ecrambie33@youtube.com,945-489-9469,147-931-4668,176-887-5158,
3,50,rhabberjam34@posterous.com,,,622-180-0942,
3,175,,,,121-685-2637,5
3,243,vtawton36@ucoz.ru,,,583-639-4712,5
3,143,hblasdale37@mail.ru,126-473-7127,,916-997-3678,2
3,52,gkuhnert38@theguardian.com,761-526-4371,516-859-1209,331-337-9578,5
3,135,hwaber39@apple.com,,126-284-0400,,1
3,177,rsankey3a@foxnews.com,,150-419-4453,862-255-4566,
3,222,,556-866-2668,,677-896-7863,
3,248,,,,466-149-8633,1
3,447,ssyder3d@about.com,550-861-3802,355-405-9903,604-388-1987,4
3,147,zlabat3e@marriott.com,,781-542-6606,781-242-0635,4
3,246,,,,675-201-6154,2
3,221,aprettyjohns3g@japanpost.jp,977-432-5525,,196-389-4430,1
3,426,,,769-263-9785,819-694-6232,
3,93,soates3i@mapy.cz,,713-897-6757,264-253-1280,1
3,373,dfane3j@4shared.com,,,851-553-1536,
3,400,gvouls3k@slate.com,232-598-7718,,997-237-4678,3
3,382,lwarde3l@about.com,,811-524-9168,923-116-9251,
3,67,cwhistlecraft3m@google.cn,,,,4
3,81,,,,742-369-3308,5
3,174,trothchild3o@pinterest.com,,785-790-7373,467-631-6632,5
3,315,bdunseath3p@feedburner.com,,,,5
3,350,tcavanagh3q@washingtonpost.com,,401-889-2347,813-324-4535,
3,58,tmckern3r@umich.edu,,860-229-8029,106-824-1342,
3,174,edinse3s@jigsy.com,976-141-5593,339-376-0468,242-717-6039,1
3,278,ccordelette3t@github.io,793-281-0241,568-972-3878,563-887-6119,2
3,83,,,236-516-0127,167-227-4692,1
3,17,stempleman3v@uiuc.edu,627-613-5771,,927-346-5193,5
3,223,cstuffins3w@ask.com,,778-741-8340,645-728-9886,4
3,190,adurham3x@devhub.com,,333-262-3806,658-889-4477,1
3,38,valgore3y@netvibes.com,,736-957-1550,227-389-1634,3
3,298,,,,697-282-9297,
3,403,cpotkins40@ucoz.com,,296-649-2365,614-517-2673,2
3,346,,,343-959-4579,,2
3,413,ahaddock42@ebay.co.uk,105-296-7967,,,5
3,254,,,,744-557-1444,
3,182,eespadate44@freewebs.com,,,781-468-5722,
3,252,hprys45@about.com,,,,5
3,97,tdunaway46@msn.com,,,262-273-8316,3
3,384,,,235-689-2165,888-825-9635,3
3,66,cnewcomen48@shop-pro.jp,,867-703-0846,373-858-6992,
3,437,mduffill49@163.com,,,345-315-2245,
3,251,,,812-556-8899,,3
3,327,,202-366-6845,560-350-7730,607-981-1112,
3,262,zcoon4c@kickstarter.com,,,983-953-0492,
3,194,hflannigan4d@usnews.com,,778-177-0037,,5
3,12,dgolsthorp4e@last.fm,179-754-7781,276-871-2053,258-205-5503,3
3,252,icurado4f@addtoany.com,,101-420-6043,576-238-1389,
3,158,,,,535-220-5439,
3,206,mocarran4h@sina.com.cn,898-112-0499,,619-914-2516,2
3,326,sbaff4i@dion.ne.jp,,,212-649-5320,2
3,242,djessopp4j@apple.com,949-917-8897,,345-747-1801,
3,76,tpenswick4k@java.com,,,391-991-7859,
3,327,sgrelka4l@fc2.com,,945-138-4231,698-660-7257,5
3,184,ceveleigh4m@altervista.org,582-387-1617,,389-595-8869,1
3,70,cmunby4n@si.edu,239-369-7443,102-694-8675,,5
3,301,sskully4o@posterous.com,325-654-2286,571-444-2659,863-507-4751,1
3,285,,418-915-5694,,580-380-3099,
3,175,dcullingworth4q@dot.gov,712-570-1129,,,
3,311,,,440-992-4813,502-516-0967,
3,448,mabram4s@4shared.com,817-742-8800,292-921-5408,547-783-5435,
3,373,,,,514-719-3404,1
3,268,alebang4u@howstuffworks.com,,,,2
3,472,raudus4v@epa.gov,,,402-140-8622,
3,198,,634-754-7314,562-289-0858,406-243-1525,
3,143,wmarcome4x@google.com,,795-625-4110,727-321-7634,3
3,67,iedmondson4y@sourceforge.net,,988-608-1779,740-732-8457,
3,51,sfolomkin4z@indiegogo.com,,208-935-1516,229-795-2680,
3,457,,225-389-5324,,883-619-8788,4
3,24,rnicholson51@princeton.edu,318-319-9834,698-177-5068,671-897-4129,5
3,139,apreddle52@tuttocitta.it,,,465-849-4562,2
3,15,,,902-914-8596,295-931-8379,
3,366,,,880-954-6627,288-459-9664,2
3,146,ecasino55@deliciousdays.com,,,191-919-7821,2
3,50,,113-813-8958,853-866-5603,617-477-7434,3
3,400,woshaughnessy57@sphinn.com,888-946-2490,,786-433-0415,3
3,119,,,,423-545-0683,5
3,167,head59@usnews.com,661-950-8227,,815-284-4647,
3,477,,,813-778-4933,724-637-7444,3
3,416,,,,115-606-6556,3
3,317,jjimes5c@webs.com,,,373-418-3188,1
3,233,ojakubovicz5d@wikia.com,,817-177-1921,481-589-4886,4
3,402,mfrape5e@i2i.jp,,,,5
3,206,mcabral5f@skype.com,,141-106-6683,278-715-1683,
3,176,,178-160-1131,510-446-6632,336-360-3922,1
3,5,btrubshawe5i@de.vu,,,,5
3,91,trowlett5j@trellian.com,,810-260-1500,498-237-8869,2
3,164,corpwood5l@about.com,,701-979-9778,387-457-6653,
3,243,bscolland5m@yahoo.com,,763-809-6875,854-628-4690,
3,289,qstammers5n@odnoklassniki.ru,,312-395-2866,,3
3,284,jcuredell5o@amazon.de,476-201-3767,,850-505-4326,
3,179,,,830-460-5384,638-639-7734,
3,320,skidston5q@dion.ne.jp,,,206-347-6803,2
3,61,selsie5r@addtoany.com,,,,2
3,131,hblonden5s@abc.net.au,,408-971-2537,574-528-0376,1
3,164,sdales5t@blinklist.com,186-148-2728,,,
3,129,owithrop5u@ucoz.com,,645-769-0152,818-602-1353,3
3,56,tglyssanne5v@bigcartel.com,,,211-105-7455,2
3,277,hvegas5w@sfgate.com,,,543-906-0869,
3,358,sbellefonte5x@usgs.gov,,480-226-6477,344-821-0974,2
3,181,,444-912-1196,889-590-3309,180-655-4752,3
3,20,cdockray5z@woothemes.com,924-400-5555,,,
3,489,jdavidovics60@plala.or.jp,957-143-8360,506-723-1168,152-812-1451,3
3,2,kstpierre61@jiathis.com,,,,3
3,498,,,303-613-2460,168-314-3273,
3,180,rlago63@360.cn,,,515-458-6595,
3,349,,735-987-1978,583-514-3646,431-340-7531,4
3,102,ghenrique65@jalbum.net,,964-345-1406,952-648-3473,
3,124,jtilt66@oracle.com,,,439-454-6975,2
3,136,mteulier67@example.com,117-965-3343,,646-403-9075,3
3,80,epawelec68@posterous.com,,,,4
3,355,,623-782-6124,,540-985-8509,5
3,420,kottley6a@com.com,,860-467-1271,570-958-7220,4
3,159,,,,467-644-3379,1
3,168,ccondit6c@trellian.com,,,632-448-5523,3
3,255,lesby6d@bizjournals.com,,,,4
3,13,,,293-439-1226,731-901-1482,4
3,367,,,,599-253-5266,3
3,422,dbanger6g@noaa.gov,776-462-9392,231-977-1906,861-178-0792,3
3,458,,,751-603-7428,299-680-6792,
3,421,csneyd6j@pbs.org,,203-378-9868,855-210-0879,4
3,379,kgiovannelli6k@netvibes.com,262-641-8386,219-794-8373,970-610-5923,
3,461,mkernar6l@yandex.ru,,268-865-6389,374-549-8362,4
3,91,fmcbride6m@symantec.com,,778-534-0094,,
3,6,paltham6n@phpbb.com,,,541-860-6452,2
3,115,akarpinski6o@jugem.jp,,507-229-2263,739-590-3257,5
3,19,mdavydychev6p@bloglovin.com,,487-230-1376,752-962-3790,1
3,196,rriddock6q@wunderground.com,,747-260-1501,535-899-5892,4
3,164,ngoodband6r@meetup.com,,155-732-7459,310-350-9258,5
3,338,flearmont6s@php.net,,305-178-0515,788-284-7548,4
3,464,khouldin6t@umich.edu,,,413-465-8218,
3,499,mscardifeild6u@cafepress.com,,,841-334-6655,5
3,73,sdrugan6v@hostgator.com,,394-404-6782,525-832-8656,4
3,272,fdargue6w@live.com,,,438-464-1187,3
3,380,acleave6x@sciencedaily.com,847-885-1799,918-437-9362,879-754-4167,
3,21,apring6y@sciencedaily.com,,662-279-3174,339-989-3394,5
3,197,lbalaison6z@altervista.org,296-328-4826,,909-205-3759,4
3,54,,779-134-3467,,827-334-6905,
3,133,pbaroche71@cargocollective.com,,193-821-2426,,2
3,127,,,,169-709-5142,4
3,451,fcordet73@economist.com,,977-383-3347,955-869-5174,3
3,281,karmsden74@domainmarket.com,,,,5
3,350,fpessler75@instagram.com,,976-298-0137,,4
3,145,bpulsford76@rediff.com,,,547-981-7375,
3,440,flittlepage78@amazon.de,,,744-116-3337,
3,392,dkryzhov79@icq.com,,619-899-6797,,1
3,214,ayannoni7a@cmu.edu,,797-385-7285,,2
3,326,pheymann7b@exblog.jp,322-946-5168,989-904-4669,296-834-2504,1
3,263,,,,978-431-4816,2
3,72,vmackeller7d@geocities.jp,,908-849-3036,856-620-1627,4
3,447,naldrich7e@paginegialle.it,,841-669-9984,533-175-1192,2
3,116,drockell7f@upenn.edu,,859-505-6108,563-539-5713,
3,264,celcombe7g@rediff.com,123-353-1300,173-725-6666,897-214-7970,3
3,346,dbrychan7h@senate.gov,,,147-271-5089,5
3,150,,,936-668-3263,,
3,250,acarlsen7j@aboutads.info,461-818-8771,341-540-3283,,
3,402,lgrigsby7k@rediff.com,442-823-7304,665-459-8227,717-970-6053,1
3,287,,,587-646-5476,316-536-7960,4
3,296,hmacconnal7m@webmd.com,,820-591-1706,,2
3,144,jdellcasa7n@dot.gov,,,144-305-7959,1
3,496,tbaptiste7o@earthlink.net,,340-993-2269,286-326-8549,1
3,86,emarley7p@macromedia.com,,698-608-6988,473-587-4194,
3,202,hpaydon7q@addthis.com,563-970-7176,775-360-0544,313-161-7058,
3,340,fferry7r@eepurl.com,,181-776-4390,862-561-1130,2
3,484,,,577-913-2715,,4
3,70,,969-103-7851,,,1
3,102,bbissiker7v@123-reg.co.uk,,142-386-5688,349-634-2332,
3,338,,,120-904-7224,369-311-2688,4
3,317,,,440-717-3397,116-241-0481,2
3,109,rcrump7y@indiegogo.com,,,576-183-2977,3
3,469,,,,198-877-1595,3
3,253,,593-454-6668,812-764-4152,337-452-2856,3
3,86,rrounce81@ftc.gov,,918-753-5708,232-867-9292,
3,275,emurdy82@odnoklassniki.ru,828-852-4685,,190-194-2585,3
3,409,ssemper83@mapquest.com,885-330-0913,654-845-4431,,
3,74,amainson84@dropbox.com,461-246-7235,869-937-6734,,
3,379,edyott85@cloudflare.com,,,642-429-8005,2
3,51,praiman86@ustream.tv,686-343-3345,317-333-5743,347-739-8528,4
3,376,,,,781-806-6490,5
3,133,mmahaffey88@yale.edu,,102-157-8404,,4
3,324,,,459-779-9039,367-656-5170,2
3,450,cmoreinu8a@lycos.com,,965-259-5330,985-785-2323,4
3,450,,,256-364-5621,244-245-6681,
3,293,cabsolem8c@miitbeian.gov.cn,834-641-1045,,393-729-2859,5
3,3,akaufman8d@chron.com,,230-450-1759,194-124-8098,4
3,65,tboothebie8e@youku.com,456-897-5891,,541-478-3548,3
3,70,cdurkin8f@fda.gov,,,200-397-3045,5
3,389,,,182-824-0872,,1
3,24,,806-489-4485,,517-996-3542,
3,192,ffinnigan8i@state.gov,244-348-2427,237-536-1579,492-875-1192,1
3,415,mbrisseau8j@photobucket.com,,,429-362-8330,
3,318,tflooks8k@seesaa.net,,611-948-7582,102-381-6474,3
3,305,,,,422-452-2939,3
3,357,lskerme8m@desdev.cn,357-906-7944,860-433-0711,166-364-1623,4
3,216,ashafier8n@berkeley.edu,,,769-384-3242,1
3,70,membleton8o@addthis.com,569-510-5843,668-280-9362,589-854-9554,1
3,467,smcclinton8p@usa.gov,,175-815-4057,571-930-7807,
3,152,ologsdail8q@example.com,667-343-1687,,217-607-9331,4
3,175,,662-499-8239,,822-469-9647,2
3,70,lburdge8s@simplemachines.org,,,178-813-6279,
3,286,,,,668-216-4700,3
3,5,varchdeckne8u@zdnet.com,,,,3
3,368,,,447-138-7963,281-171-2785,5
3,78,hkitney8w@a8.net,,990-482-8234,784-280-2245,4
3,423,mraraty8x@reference.com,,,919-800-9456,5
3,437,jbasillon8y@ustream.tv,,474-749-7517,131-766-5703,3
3,381,estarbucke8z@zdnet.com,,987-219-9437,261-290-6407,
3,453,mmacgiany90@seattletimes.com,,683-396-9755,596-547-6543,1
3,251,bgrimmolby91@eepurl.com,,423-724-2179,284-106-7623,1
3,268,cgoodliffe92@goo.gl,,724-103-3226,825-932-1251,2
3,54,,,104-474-0505,251-449-8383,
3,172,gdenidge94@eventbrite.com,896-452-4971,324-826-6846,815-840-1642,
3,110,dandriveaux95@omniture.com,,808-561-2166,484-545-0444,
3,186,zroberds96@examiner.com,,274-443-5726,724-260-3379,
3,41,cdevote97@utexas.edu,,775-904-5257,,1
3,427,cgoundsy98@unicef.org,,474-774-2981,988-615-7361,2
3,94,iwilbud99@shutterfly.com,,754-500-7877,220-228-0789,3
3,409,,,,215-282-8033,1
3,488,dmingardi9b@salon.com,,509-560-8370,613-337-7406,
3,243,ctubbs9c@angelfire.com,135-921-4790,102-545-8875,686-987-4558,
3,147,ddunston9d@eepurl.com,848-661-1142,181-847-5335,743-379-5394,
3,457,,814-310-1009,,276-859-1001,
3,420,cedworthy9f@aboutads.info,,343-265-5975,351-880-8222,
3,181,,,,795-169-6659,4
3,162,,,,174-307-3433,5
3,43,agarwill9i@scribd.com,,785-749-6743,,
3,209,,751-459-5477,911-111-8835,469-218-3194,
3,332,cmellhuish9k@amazon.co.jp,,536-214-9999,927-744-8324,2
3,213,,,772-598-0484,262-477-5622,2
3,46,,,615-497-6246,,4
3,97,ppavolini9n@live.com,,112-442-1591,,5
3,75,rkilvington9p@wired.com,,932-522-1050,135-369-6986,
3,392,jrudderham9q@aboutads.info,,649-625-1157,608-954-4448,
3,65,vslack9r@networksolutions.com,258-356-2433,983-818-4503,407-191-4505,
3,268,yodoghesty9s@skype.com,,646-105-7560,357-992-0132,3
3,193,,,275-279-9648,610-266-9620,3
3,175,kalgore9u@tumblr.com,753-348-5497,,764-428-4001,1
3,98,kmoultrie9v@tamu.edu,517-998-8031,501-788-6717,146-579-3003,3
3,3,mkaygill9w@yandex.ru,202-250-3851,191-716-1501,,1
3,419,,,,118-573-2302,4
3,390,,376-806-3312,919-562-3516,773-861-7531,4
3,338,,,868-503-6167,753-834-3938,2
3,81,kpearmana0@parallels.com,,600-664-1381,,
3,246,tclaringbolda1@mac.com,,,,5
3,177,vgossagea2@google.fr,933-309-0944,749-774-5180,,5
3,421,,,,437-482-0058,3
3,27,,,893-439-9340,323-870-0635,1
3,439,eblitza5@intel.com,,,736-164-6745,
3,165,,,,230-236-4591,1
3,296,,,,967-915-5241,3
3,164,,,680-905-7140,101-949-7274,
3,211,,,,265-539-2311,3
3,340,dfauldsaa@delicious.com,,,916-668-5869,3
3,134,,,,702-962-4978,4
3,465,mdilleyac@xrea.com,880-687-4411,,840-103-0986,1
3,147,,679-592-8453,463-454-2461,529-239-0205,2
3,369,javoae@sina.com.cn,,,493-279-7079,
3,124,tburchattaf@deviantart.com,,121-636-4347,305-992-9679,5
3,429,ndelacourtag@baidu.com,,,,3
3,448,jtimbridgeah@hexun.com,,,,1
3,372,kfidockai@tiny.cc,742-983-6085,,342-752-6172,
3,217,,,811-302-8614,961-462-4625,
3,395,lmcparlandak@msn.com,,367-522-2489,212-454-1173,2
3,58,,,858-245-7707,,4
3,438,wwhitwoodam@independent.co.uk,978-761-2965,,398-195-4943,4
3,126,,,,504-490-5803,2
3,68,,,,787-405-9377,2
3,470,ntomkysap@adobe.com,,613-709-3513,977-312-2113,1
3,62,,,786-351-1690,535-634-8835,
3,497,,211-353-4828,,,1
3,89,ppetrias@seesaa.net,,112-319-0884,616-904-6221,2
3,421,jdirobertoat@bandcamp.com,543-971-1993,781-153-1757,335-776-2707,3
3,371,,,,326-420-2676,
3,352,mschrirav@hexun.com,,996-156-4958,738-896-0767,
3,7,bmcewenaw@google.cn,,504-138-7555,168-377-1948,2
3,477,sgrahamax@blinklist.com,,,,3
3,27,,,,412-938-7305,4
3,322,,,,514-951-4558,
3,360,gmashamb0@dedecms.com,,,910-205-5361,2
3,196,kkingb1@census.gov,,,109-561-8557,3
3,365,kseelbachb2@surveymonkey.com,,679-509-5879,467-456-2517,3
3,128,,,430-454-7895,718-852-0181,2
3,441,,,,316-510-9138,2
3,411,dfrontczakb5@google.es,,984-189-3906,194-293-1750,4
3,265,fkitchingmanb6@is.gd,,,123-503-1610,3
3,414,jbroddleb7@mediafire.com,,,259-540-0391,
3,417,,,,750-551-6091,1
3,360,mweareb9@sciencedaily.com,183-692-0950,761-471-0374,,1
3,16,lsommerba@jiathis.com,,,709-356-3489,4
3,346,cgolagleybb@t-online.de,,324-641-3591,535-427-7055,
3,146,bismailbc@mac.com,,,555-932-6053,3
3,456,,,771-820-9828,790-829-1125,4
3,47,gcolmorebe@pagesperso-orange.fr,,776-183-0078,678-575-7473,2
3,435,lalfusobf@intel.com,466-272-9629,271-860-2837,562-891-5515,5
3,493,dboornebg@chronoengine.com,,,896-786-5166,
3,48,lklosserbh@statcounter.com,810-492-3725,,,
3,443,kibbitsonbi@vistaprint.com,,302-565-5347,554-879-6359,
3,477,bshivellbj@newyorker.com,,,911-483-8214,5
3,485,,593-693-2583,851-446-8480,561-498-4106,1
3,203,cbeasleybl@google.cn,986-128-8146,,682-830-6655,4
3,75,emaskillbm@netvibes.com,,,948-184-9402,3
3,397,mschreursbn@webmd.com,,154-462-5376,461-963-2611,5
3,408,lwidgerbo@biglobe.ne.jp,117-228-3459,,374-465-1676,
3,80,mtindleybp@oakley.com,,480-596-8402,128-180-8026,5
3,239,uswatmanbq@geocities.com,818-765-7844,,929-696-1606,1
3,405,fpreonbr@telegraph.co.uk,,,833-312-6279,
3,362,sruebs@ifeng.com,785-793-8085,,873-315-7609,
3,5,,795-556-0504,174-134-1489,,5
3,191,ahearmonbv@nature.com,,198-352-3696,425-396-1299,2
3,38,fnutbeembw@issuu.com,984-889-8912,,216-301-2063,5
3,285,,,273-747-6623,921-874-4243,1
3,341,ahambatchby@nsw.gov.au,,682-839-5693,626-606-9806,
3,150,eellenbz@noaa.gov,,,334-412-8060,5
3,152,dwaldockc0@nhs.uk,,,263-513-8532,2
3,312,pgullickc1@intel.com,274-953-3488,,653-221-3354,1
3,352,,,121-452-7472,898-460-0958,1
3,226,,,,832-551-0646,
3,14,kgrunwallc4@baidu.com,,157-364-9208,832-842-8227,
3,470,rroubayc5@state.tx.us,,704-717-9366,,
3,133,tmanwaringc6@list-manage.com,,501-902-2921,190-212-4607,1
3,355,mwadec7@barnesandnoble.com,,400-930-0968,998-821-8965,
3,348,ahammorc8@wiley.com,,569-289-7742,370-435-5487,5
3,28,pmccriskenc9@fda.gov,,305-206-2583,133-742-7746,2
3,459,mkunzca@hud.gov,600-878-4083,526-271-1622,566-808-6050,2
3,378,,,672-106-0235,809-316-6799,
3,397,ccantercc@list-manage.com,,411-870-2820,956-540-6270,4
3,241,nflannercd@nsw.gov.au,,,592-150-7098,1
3,84,,,,253-111-6240,2
3,5,,,,732-741-2115,
3,201,bsebborncg@com.com,,,238-706-7796,4
3,357,rbagottch@amazon.de,951-214-1480,971-533-7535,161-346-9790,
3,296,ccorkci@wix.com,,388-960-4826,562-895-9373,1
3,233,mgaitonecj@ibm.com,916-735-9261,,523-972-7327,3
3,98,,,648-509-9133,510-290-3605,2
3,247,mgoldescl@naver.com,,540-105-7433,,1
3,255,sloadecm@plala.or.jp,,366-109-0044,485-134-1314,3
3,288,nburlcn@chicagotribune.com,,839-233-5428,596-928-4864,5
3,500,egarthshoreco@microsoft.com,,,,
3,14,,,583-886-0127,580-388-3952,1
3,378,iboolscq@imageshack.us,482-423-3817,672-446-3521,730-194-7040,1
3,413,,,667-266-9696,501-366-3790,
3,471,fdelgardillocs@t-online.de,,919-367-7446,110-572-3378,2
3,455,,,,472-750-8508,5
3,180,mhelincu@ibm.com,,900-783-1153,378-616-7556,
3,434,,350-946-2684,,868-122-2773,2
3,475,,,757-258-6641,730-281-1168,
3,295,kstuckescx@alexa.com,,,340-935-8299,4
3,359,dnoblecy@vkontakte.ru,,330-492-6735,316-519-7925,
3,285,,,152-827-4600,798-698-6873,1
3,315,,,744-247-6089,917-456-7418,
3,32,,,,389-827-9580,1
3,182,,,918-976-3794,618-181-0428,5
3,156,peasterlingd3@edublogs.org,631-665-2983,,140-479-9398,1
3,12,pedwardd4@google.ca,988-421-0288,251-209-7303,840-431-5158,3
3,1,mbrydelld5@wikispaces.com,410-861-1055,,421-333-8309,1
3,250,hcrossed6@google.co.uk,,,635-173-4144,
3,27,bsaggersd7@hugedomains.com,,,531-478-1854,
3,269,cbolwelld8@economist.com,617-364-6018,733-155-5699,674-247-5411,
3,487,,,,247-737-9892,
3,297,nyakuntzovda@comcast.net,366-602-7182,479-619-7988,581-709-0044,1
3,429,ibaseliodb@de.vu,932-178-8416,850-576-1633,746-303-8707,3
3,80,,145-723-8437,,490-858-1326,1
3,466,aboshierdd@ocn.ne.jp,583-548-3918,,432-260-8263,2
3,10,clangmeadde@walmart.com,,,449-519-3313,4
3,343,tmulvaneydf@prnewswire.com,479-306-7900,880-260-2538,,1
3,137,,,411-410-2971,166-521-7761,3
3,287,nstruijsdh@hibu.com,,,249-314-1415,3
3,236,jmillimoedi@phoca.cz,,,,1
3,86,lflaxondj@china.com.cn,459-430-6045,842-793-4769,223-537-7203,
3,262,cfaradaydk@google.es,,356-281-6042,973-544-0160,1
3,486,,,746-452-0370,,4
3,46,epittemdm@people.com.cn,,310-439-1524,192-905-0982,2
3,37,mgeraulddn@meetup.com,,,421-944-9999,3
3,170,,,667-859-0222,192-646-6909,
3,139,kabercrombiedp@qq.com,,,,
3,330,,,942-680-6017,696-795-3947,2
3,328,,,327-141-5813,,2
3,331,adarrowds@yahoo.com,,817-774-9232,,3
3,338,vmcbaynedt@miitbeian.gov.cn,780-384-7215,,976-979-3315,5
3,394,dbiaggellidu@va.gov,,,296-944-3420,4
3,196,,404-508-1910,964-677-6579,823-654-7120,3
